[{"id":"TASK-01","content":"Convert 'Why Parents Trust Our Program' section to slideshow","status":"completed","priority":"high"},{"id":"TASK-02","content":"Convert 'Curriculum' section to slideshow","status":"completed","priority":"high"},{"id":"TASK-03","content":"Convert 'Benefits' section to slideshow","status":"completed","priority":"high"},{"id":"TASK-04","content":"Add slideshow navigation controls for each section","status":"completed","priority":"medium"},{"id":"TASK-05","content":"Implement JavaScript to handle slideshow functionality","status":"completed","priority":"high"},{"id":"TASK-06","content":"Test slideshow functionality on all sections","status":"completed","priority":"medium"},{"id":"TASK-07","content":"Improve mobile responsiveness for slideshows","status":"completed","priority":"medium"},{"id":"TASK-08","content":"Add swipe functionality for mobile devices","status":"completed","priority":"medium"}]